{
  "timestamp": "2025-08-11T09:18:29.524180Z",
  "values": {
    "BTCUSD": 121445.6015625,
    "USDCOP": 4048.949951171875,
    "GOLD": 3416.89990234375,
    "COFFEE": 301.1499938964844,
    "SP500": 6389.4501953125,
    "COLCAP": null,
    "BTCCOP": 491727162.51652336
  }
}