{
  "timestamp": "2025-08-11T05:51:40.831258Z",
  "values": {
    "BTCUSD": 121798.7421875,
    "USDCOP": 4049.469970703125,
    "GOLD": 3437.199951171875,
    "COFFEE": 302.04998779296875,
    "SP500": 6389.4501953125,
    "COLCAP": null,
    "BTCCOP": 493220348.9576931
  }
}