{
  "timestamp": "2025-08-11T11:12:11.953112Z",
  "values": {
    "BTCUSD": 120998.2890625,
    "USDCOP": 4048.949951171875,
    "GOLD": 3412.0,
    "COFFEE": 309.0,
    "SP500": 6389.4501953125,
    "COLCAP": null,
    "BTCCOP": 489916016.5914898
  }
}