{
  "timestamp": "2025-08-11T10:46:14.627651Z",
  "values": {
    "BTCUSD": 121124.3515625,
    "USDCOP": 4048.949951171875,
    "GOLD": 3418.800048828125,
    "COFFEE": 308.5,
    "SP500": 6389.4501953125,
    "COLCAP": null,
    "BTCCOP": 490426437.3447094
  }
}