{
  "timestamp": "2025-08-11T07:43:34.290350Z",
  "values": {
    "BTCUSD": 121757.6171875,
    "USDCOP": 4049.840087890625,
    "GOLD": 3419.300048828125,
    "COFFEE": 302.04998779296875,
    "SP500": 6389.4501953125,
    "COLCAP": null,
    "BTCCOP": 493098879.0919781
  }
}