{
  "timestamp": "2025-08-11T08:50:10.872710Z",
  "values": {
    "BTCUSD": 121671.171875,
    "USDCOP": 4049.840087890625,
    "GOLD": 3417.39990234375,
    "COFFEE": 300.1499938964844,
    "SP500": 6389.4501953125,
    "COLCAP": null,
    "BTCCOP": 492748789.40000534
  }
}