{
  "timestamp": "2025-08-11T15:14:02.142361Z",
  "values": {
    "BTCUSD": 119876.25,
    "USDCOP": 4044.22998046875,
    "GOLD": 3404.60009765625,
    "COFFEE": 313.95001220703125,
    "SP500": 6387.77978515625,
    "COLCAP": null,
    "BTCCOP": 484807124.196167
  }
}