{
  "timestamp": "2025-08-11T15:42:57.925142Z",
  "values": {
    "BTCUSD": 120310.0703125,
    "USDCOP": 4026.93994140625,
    "GOLD": 3408.300048828125,
    "COFFEE": 316.1000061035156,
    "SP500": 6387.85986328125,
    "COLCAP": null,
    "BTCCOP": 484481427.49480057
  }
}