{
  "timestamp": "2025-08-11T06:55:22.373580Z",
  "values": {
    "BTCUSD": 122221.59375,
    "USDCOP": 4049.840087890625,
    "GOLD": 3425.60009765625,
    "COFFEE": 302.04998779296875,
    "SP500": 6389.4501953125,
    "COLCAP": null,
    "BTCCOP": 494977909.97463226
  }
}