{
  "timestamp": "2025-08-11T13:10:34.561522Z",
  "values": {
    "BTCUSD": 119412.0234375,
    "USDCOP": 4059.60009765625,
    "GOLD": 3412.199951171875,
    "COFFEE": 302.8500061035156,
    "SP500": 6389.4501953125,
    "COLCAP": null,
    "BTCCOP": 484765062.0082054
  }
}