{
  "timestamp": "2025-08-11T14:14:55.716970Z",
  "values": {
    "BTCUSD": 119993.484375,
    "USDCOP": 4058.300048828125,
    "GOLD": 3415.300048828125,
    "COFFEE": 309.45001220703125,
    "SP500": 6393.5,
    "COLCAP": null,
    "BTCCOP": 486969563.49811935
  }
}