{
  "timestamp": "2025-08-11T12:25:45.288307Z",
  "values": {
    "BTCUSD": 120086.3359375,
    "USDCOP": 4050.3798828125,
    "GOLD": 3408.699951171875,
    "COFFEE": 306.29998779296875,
    "SP500": 6389.4501953125,
    "COLCAP": null,
    "BTCCOP": 486395279.28191376
  }
}