{
  "timestamp": "2025-08-11T13:54:23.724788Z",
  "values": {
    "BTCUSD": 119848.546875,
    "USDCOP": 4068.909912109375,
    "GOLD": 3412.5,
    "COFFEE": 307.1000061035156,
    "SP500": 6389.919921875,
    "COLCAP": null,
    "BTCCOP": 487652940.33159256
  }
}