{
  "timestamp": "2025-08-11T17:13:41.800633Z",
  "values": {
    "BTCUSD": 120112.671875,
    "USDCOP": 4029.830078125,
    "GOLD": 3403.0,
    "COFFEE": 314.20001220703125,
    "SP500": 6391.58984375,
    "COLCAP": null,
    "BTCCOP": 484033657.88583374
  }
}