{
  "timestamp": "2025-08-11T18:18:33.604811Z",
  "values": {
    "BTCUSD": 119593.375,
    "USDCOP": 4030.469970703125,
    "GOLD": 3410.300048828125,
    "COFFEE": 313.20001220703125,
    "SP500": 6383.7900390625,
    "COLCAP": null,
    "BTCCOP": 482017506.63253784
  }
}