{
  "timestamp": "2025-08-11T16:49:23.109720Z",
  "values": {
    "BTCUSD": 120113.390625,
    "USDCOP": 4028.25,
    "GOLD": 3403.300048828125,
    "COFFEE": 314.6000061035156,
    "SP500": 6392.8701171875,
    "COLCAP": null,
    "BTCCOP": 483846765.78515625
  }
}