{
  "timestamp": "2025-08-11T08:19:10.495893Z",
  "values": {
    "BTCUSD": 121591.375,
    "USDCOP": 4049.840087890625,
    "GOLD": 3416.199951171875,
    "COFFEE": 302.04998779296875,
    "SP500": 6389.4501953125,
    "COLCAP": null,
    "BTCCOP": 492425624.81674194
  }
}