{
  "timestamp": "2025-08-11T09:45:56.115985Z",
  "values": {
    "BTCUSD": 121390.609375,
    "USDCOP": 4048.949951171875,
    "GOLD": 3416.0,
    "COFFEE": 301.79998779296875,
    "SP500": 6389.4501953125,
    "COLCAP": null,
    "BTCCOP": 491504501.9016304
  }
}