{
  "timestamp": "2025-08-11T04:59:45.985246Z",
  "values": {
    "BTCUSD": 122047.1171875,
    "USDCOP": 4049.469970703125,
    "GOLD": 3438.699951171875,
    "COFFEE": 302.04998779296875,
    "SP500": 6389.4501953125,
    "COLCAP": null,
    "BTCCOP": 494226136.0616665
  }
}