{
  "timestamp": "2025-08-11T07:18:58.124179Z",
  "values": {
    "BTCUSD": 121986.46875,
    "USDCOP": 4049.840087890625,
    "GOLD": 3421.5,
    "COFFEE": 302.04998779296875,
    "SP500": 6389.4501953125,
    "COLCAP": null,
    "BTCCOP": 494025691.323967
  }
}