{
  "timestamp": "2025-08-11T05:29:32.181868Z",
  "values": {
    "BTCUSD": 122018.3359375,
    "USDCOP": 4049.469970703125,
    "GOLD": 3441.199951171875,
    "COFFEE": 302.04998779296875,
    "SP500": 6389.4501953125,
    "COLCAP": null,
    "BTCCOP": 494109587.2540722
  }
}