{
  "timestamp": "2025-08-11T16:15:37.442270Z",
  "values": {
    "BTCUSD": 120697.4296875,
    "USDCOP": 4025.300048828125,
    "GOLD": 3406.5,
    "COFFEE": 315.0,
    "SP500": 6403.43017578125,
    "COLCAP": null,
    "BTCCOP": 485843369.61452293
  }
}