{
  "timestamp": "2025-08-11T14:46:26.432753Z",
  "values": {
    "BTCUSD": 120176.203125,
    "USDCOP": 4065.89990234375,
    "GOLD": 3406.800048828125,
    "COFFEE": 311.8500061035156,
    "SP500": 6391.169921875,
    "COLCAP": null,
    "BTCCOP": 488624412.54998016
  }
}