{
  "timestamp": "2025-08-11T17:43:21.267644Z",
  "values": {
    "BTCUSD": 119688.0078125,
    "USDCOP": 4030.590087890625,
    "GOLD": 3404.39990234375,
    "COFFEE": 312.20001220703125,
    "SP500": 6384.10986328125,
    "COLCAP": null,
    "BTCCOP": 482413297.9284382
  }
}