{
  "timestamp": "2025-08-11T18:51:59.966321Z",
  "values": {
    "BTCUSD": 119641.765625,
    "USDCOP": 4030.469970703125,
    "GOLD": 3406.39990234375,
    "COFFEE": 313.20001220703125,
    "SP500": 6381.81005859375,
    "COLCAP": null,
    "BTCCOP": 482212543.5934639
  }
}