{
  "timestamp": "2025-08-11T10:14:20.668794Z",
  "values": {
    "BTCUSD": 121300.9140625,
    "USDCOP": 4048.949951171875,
    "GOLD": 3412.60009765625,
    "COFFEE": 307.6000061035156,
    "SP500": 6389.4501953125,
    "COLCAP": null,
    "BTCCOP": 491141330.0704632
  }
}