{
  "timestamp": "2025-08-11T11:38:02.647895Z",
  "values": {
    "BTCUSD": 120692.0234375,
    "USDCOP": 4050.3798828125,
    "GOLD": 3407.0,
    "COFFEE": 309.20001220703125,
    "SP500": 6389.4501953125,
    "COLCAP": null,
    "BTCCOP": 488848543.74718475
  }
}