{
  "timestamp": "2025-08-11T06:21:05.135917Z",
  "values": {
    "BTCUSD": 122052.0546875,
    "USDCOP": 4041.469970703125,
    "GOLD": 3435.800048828125,
    "COFFEE": 302.04998779296875,
    "SP500": 6389.4501953125,
    "COLCAP": null,
    "BTCCOP": 493269713.88214684
  }
}